{"train/value_loss":21.041063,"rollout/ep_rew_mean":10.81655,"train/learning_rate":0.0001,"_timestamp":1.7657142199126544e+09,"train/clip_range":0.2,"train/entropy_loss":-2.843631,"global_step":3072,"rollout/ep_len_mean":42.541668,"train/loss":11.095039,"train/approx_kl":0.0060441596,"_runtime":833,"train/policy_gradient_loss":-0.0041953325,"train/clip_fraction":0.024739584,"train/std":1.0053353,"train/explained_variance":0.42112386,"time/fps":4,"_step":67,"_wandb":{"runtime":833}}