{"_wandb":{"runtime":503},"rollout/ep_len_mean":20.916666,"global_step":512,"_timestamp":1.7657883252152016e+09,"_step":2,"rollout/ep_rew_mean":-39.605103,"time/fps":1,"_runtime":503}